-- phpMyAdmin SQL Dump
-- version 5.1.1
-- https://www.phpmyadmin.net/
--
-- Host: localhost
-- Generation Time: Feb 08, 2022 at 03:52 PM
-- Server version: 10.4.22-MariaDB
-- PHP Version: 7.4.26

SET SQL_MODE = "NO_AUTO_VALUE_ON_ZERO";
START TRANSACTION;
SET time_zone = "+00:00";


/*!40101 SET @OLD_CHARACTER_SET_CLIENT=@@CHARACTER_SET_CLIENT */;
/*!40101 SET @OLD_CHARACTER_SET_RESULTS=@@CHARACTER_SET_RESULTS */;
/*!40101 SET @OLD_COLLATION_CONNECTION=@@COLLATION_CONNECTION */;
/*!40101 SET NAMES utf8mb4 */;

--
-- Database: `hrisomni`
--

-- --------------------------------------------------------

--
-- Table structure for table `cities`
--

CREATE TABLE `cities` (
  `city_id` int(11) NOT NULL,
  `city_name` varchar(255) DEFAULT NULL,
  `prov_id` int(11) DEFAULT NULL
) ENGINE=MyISAM DEFAULT CHARSET=latin1 ROW_FORMAT=DYNAMIC;

--
-- Dumping data for table `cities`
--

INSERT INTO `cities` (`city_id`, `city_name`, `prov_id`) VALUES
(1, 'PIDIE JAYA', 1),
(2, 'SIMEULUE', 1),
(3, 'BIREUEN', 1),
(4, 'ACEH TIMUR', 1),
(5, 'ACEH UTARA', 1),
(6, 'PIDIE', 1),
(7, 'ACEH BARAT DAYA', 1),
(8, 'GAYO LUES', 1),
(9, 'ACEH SELATAN', 1),
(10, 'ACEH TAMIANG', 1),
(11, 'ACEH BESAR', 1),
(12, 'ACEH TENGGARA', 1),
(13, 'BENER MERIAH', 1),
(14, 'ACEH JAYA', 1),
(15, 'LHOKSEUMAWE', 1),
(16, 'ACEH BARAT', 1),
(17, 'NAGAN RAYA', 1),
(18, 'LANGSA', 1),
(19, 'BANDA ACEH', 1),
(20, 'ACEH SINGKIL', 1),
(21, 'SABANG', 1),
(22, 'ACEH TENGAH', 1),
(23, 'SUBULUSSALAM', 1),
(24, 'NIAS SELATAN', 2),
(25, 'MANDAILING NATAL', 2),
(26, 'DAIRI', 2),
(27, 'LABUHAN BATU UTARA', 2),
(28, 'TAPANULI UTARA', 2),
(29, 'SIMALUNGUN', 2),
(30, 'LANGKAT', 2),
(31, 'SERDANG BEDAGAI', 2),
(32, 'TAPANULI SELATAN', 2),
(33, 'ASAHAN', 2),
(34, 'PADANG LAWAS UTARA', 2),
(35, 'PADANG LAWAS', 2),
(36, 'LABUHAN BATU SELATAN', 2),
(37, 'PADANG SIDEMPUAN', 2),
(38, 'TOBA SAMOSIR', 2),
(39, 'TAPANULI TENGAH', 2),
(40, 'HUMBANG HASUNDUTAN', 2),
(41, 'SIBOLGA', 2),
(42, 'BATU BARA', 2),
(43, 'SAMOSIR', 2),
(44, 'PEMATANG SIANTAR', 2),
(45, 'LABUHAN BATU', 2),
(46, 'DELI SERDANG', 2),
(47, 'GUNUNGSITOLI', 2),
(48, 'NIAS UTARA', 2),
(49, 'NIAS', 2),
(50, 'KARO', 2),
(51, 'NIAS BARAT', 2),
(52, 'MEDAN', 2),
(53, 'PAKPAK BHARAT', 2),
(54, 'TEBING TINGGI', 2),
(55, 'BINJAI', 2),
(56, 'TANJUNG BALAI', 2),
(57, 'DHARMASRAYA', 3),
(58, 'SOLOK SELATAN', 3),
(59, 'SIJUNJUNG (SAWAH LUNTO SIJUNJUNG)', 3),
(60, 'PASAMAN BARAT', 3),
(61, 'SOLOK', 3),
(62, 'PASAMAN', 3),
(63, 'PARIAMAN', 3),
(64, 'TANAH DATAR', 3),
(65, 'PADANG PARIAMAN', 3),
(66, 'PESISIR SELATAN', 3),
(67, 'PADANG', 3),
(68, 'SAWAH LUNTO', 3),
(69, 'LIMA PULUH KOTO / KOTA', 3),
(70, 'AGAM', 3),
(71, 'PAYAKUMBUH', 3),
(72, 'BUKITTINGGI', 3),
(73, 'PADANG PANJANG', 3),
(74, 'KEPULAUAN MENTAWAI', 3),
(75, 'INDRAGIRI HILIR', 4),
(76, 'KUANTAN SINGINGI', 4),
(77, 'PELALAWAN', 4),
(78, 'PEKANBARU', 4),
(79, 'ROKAN HILIR', 4),
(80, 'BENGKALIS', 4),
(81, 'INDRAGIRI HULU', 4),
(82, 'ROKAN HULU', 4),
(83, 'KAMPAR', 4),
(84, 'KEPULAUAN MERANTI', 4),
(85, 'DUMAI', 4),
(86, 'SIAK', 4),
(87, 'TEBO', 5),
(88, 'TANJUNG JABUNG BARAT', 5),
(89, 'MUARO JAMBI', 5),
(90, 'KERINCI', 5),
(91, 'MERANGIN', 5),
(92, 'BUNGO', 5),
(93, 'TANJUNG JABUNG TIMUR', 5),
(94, 'SUNGAIPENUH', 5),
(95, 'BATANG HARI', 5),
(96, 'JAMBI', 5),
(97, 'SAROLANGUN', 5),
(98, 'PALEMBANG', 6),
(99, 'LAHAT', 6),
(100, 'OGAN KOMERING ULU TIMUR', 6),
(101, 'MUSI BANYUASIN', 6),
(102, 'PAGAR ALAM', 6),
(103, 'OGAN KOMERING ULU SELATAN', 6),
(104, 'BANYUASIN', 6),
(105, 'MUSI RAWAS', 6),
(106, 'MUARA ENIM', 6),
(107, 'OGAN KOMERING ULU', 6),
(108, 'OGAN KOMERING ILIR', 6),
(109, 'EMPAT LAWANG', 6),
(110, 'LUBUK LINGGAU', 6),
(111, 'PRABUMULIH', 6),
(112, 'OGAN ILIR', 6),
(113, 'BENGKULU TENGAH', 7),
(114, 'REJANG LEBONG', 7),
(115, 'MUKO MUKO', 7),
(116, 'KAUR', 7),
(117, 'BENGKULU UTARA', 7),
(118, 'LEBONG', 7),
(119, 'KEPAHIANG', 7),
(120, 'BENGKULU SELATAN', 7),
(121, 'SELUMA', 7),
(122, 'BENGKULU', 7),
(123, 'LAMPUNG UTARA', 8),
(124, 'WAY KANAN', 8),
(125, 'LAMPUNG TENGAH', 8),
(126, 'MESUJI', 8),
(127, 'PRINGSEWU', 8),
(128, 'LAMPUNG TIMUR', 8),
(129, 'LAMPUNG SELATAN', 8),
(130, 'TULANG BAWANG', 8),
(131, 'TULANG BAWANG BARAT', 8),
(132, 'TANGGAMUS', 8),
(133, 'LAMPUNG BARAT', 8),
(134, 'PESISIR BARAT', 8),
(135, 'PESAWARAN', 8),
(136, 'BANDAR LAMPUNG', 8),
(137, 'METRO', 8),
(138, 'BELITUNG', 9),
(139, 'BELITUNG TIMUR', 9),
(140, 'BANGKA', 9),
(141, 'BANGKA SELATAN', 9),
(142, 'BANGKA BARAT', 9),
(143, 'PANGKAL PINANG', 9),
(144, 'BANGKA TENGAH', 9),
(145, 'KEPULAUAN ANAMBAS', 10),
(146, 'BINTAN', 10),
(147, 'NATUNA', 10),
(148, 'BATAM', 10),
(149, 'TANJUNG PINANG', 10),
(150, 'KARIMUN', 10),
(151, 'LINGGA', 10),
(152, 'JAKARTA UTARA', 11),
(153, 'JAKARTA BARAT', 11),
(154, 'JAKARTA TIMUR', 11),
(155, 'JAKARTA SELATAN', 11),
(156, 'JAKARTA PUSAT', 11),
(157, 'KEPULAUAN SERIBU', 11),
(158, 'DEPOK', 12),
(159, 'KARAWANG', 12),
(160, 'CIREBON', 12),
(161, 'BANDUNG', 12),
(162, 'SUKABUMI', 12),
(163, 'SUMEDANG', 12),
(164, 'INDRAMAYU', 12),
(165, 'MAJALENGKA', 12),
(166, 'KUNINGAN', 12),
(167, 'TASIKMALAYA', 12),
(168, 'CIAMIS', 12),
(169, 'SUBANG', 12),
(170, 'PURWAKARTA', 12),
(171, 'BOGOR', 12),
(172, 'BEKASI', 12),
(173, 'GARUT', 12),
(174, 'PANGANDARAN', 12),
(175, 'CIANJUR', 12),
(176, 'BANJAR', 12),
(177, 'BANDUNG BARAT', 12),
(178, 'CIMAHI', 12),
(179, 'PURBALINGGA', 13),
(180, 'KEBUMEN', 13),
(181, 'MAGELANG', 13),
(182, 'CILACAP', 13),
(183, 'BATANG', 13),
(184, 'BANJARNEGARA', 13),
(185, 'BLORA', 13),
(186, 'BREBES', 13),
(187, 'BANYUMAS', 13),
(188, 'WONOSOBO', 13),
(189, 'TEGAL', 13),
(190, 'PURWOREJO', 13),
(191, 'PATI', 13),
(192, 'SUKOHARJO', 13),
(193, 'KARANGANYAR', 13),
(194, 'PEKALONGAN', 13),
(195, 'PEMALANG', 13),
(196, 'BOYOLALI', 13),
(197, 'GROBOGAN', 13),
(198, 'SEMARANG', 13),
(199, 'DEMAK', 13),
(200, 'REMBANG', 13),
(201, 'KLATEN', 13),
(202, 'KUDUS', 13),
(203, 'TEMANGGUNG', 13),
(204, 'SRAGEN', 13),
(205, 'JEPARA', 13),
(206, 'WONOGIRI', 13),
(207, 'KENDAL', 13),
(208, 'SURAKARTA (SOLO)', 13),
(209, 'SALATIGA', 13),
(210, 'SLEMAN', 14),
(211, 'BANTUL', 14),
(212, 'YOGYAKARTA', 14),
(213, 'GUNUNG KIDUL', 14),
(214, 'KULON PROGO', 14),
(215, 'GRESIK', 15),
(216, 'KEDIRI', 15),
(217, 'SAMPANG', 15),
(218, 'BANGKALAN', 15),
(219, 'SUMENEP', 15),
(220, 'SITUBONDO', 15),
(221, 'SURABAYA', 15),
(222, 'JEMBER', 15),
(223, 'PAMEKASAN', 15),
(224, 'JOMBANG', 15),
(225, 'PROBOLINGGO', 15),
(226, 'BANYUWANGI', 15),
(227, 'PASURUAN', 15),
(228, 'BOJONEGORO', 15),
(229, 'BONDOWOSO', 15),
(230, 'MAGETAN', 15),
(231, 'LUMAJANG', 15),
(232, 'MALANG', 15),
(233, 'BLITAR', 15),
(234, 'SIDOARJO', 15),
(235, 'LAMONGAN', 15),
(236, 'PACITAN', 15),
(237, 'TULUNGAGUNG', 15),
(238, 'MOJOKERTO', 15),
(239, 'MADIUN', 15),
(240, 'PONOROGO', 15),
(241, 'NGAWI', 15),
(242, 'NGANJUK', 15),
(243, 'TUBAN', 15),
(244, 'TRENGGALEK', 15),
(245, 'BATU', 15),
(246, 'TANGERANG', 16),
(247, 'SERANG', 16),
(248, 'PANDEGLANG', 16),
(249, 'LEBAK', 16),
(250, 'TANGERANG SELATAN', 16),
(251, 'CILEGON', 16),
(252, 'KLUNGKUNG', 17),
(253, 'KARANGASEM', 17),
(254, 'BANGLI', 17),
(255, 'TABANAN', 17),
(256, 'GIANYAR', 17),
(257, 'BADUNG', 17),
(258, 'JEMBRANA', 17),
(259, 'BULELENG', 17),
(260, 'DENPASAR', 17),
(261, 'MATARAM', 18),
(262, 'DOMPU', 18),
(263, 'SUMBAWA BARAT', 18),
(264, 'SUMBAWA', 18),
(265, 'LOMBOK TENGAH', 18),
(266, 'LOMBOK TIMUR', 18),
(267, 'LOMBOK UTARA', 18),
(268, 'LOMBOK BARAT', 18),
(269, 'BIMA', 18),
(270, 'TIMOR TENGAH SELATAN', 19),
(271, 'FLORES TIMUR', 19),
(272, 'ALOR', 19),
(273, 'ENDE', 19),
(274, 'NAGEKEO', 19),
(275, 'KUPANG', 19),
(276, 'SIKKA', 19),
(277, 'NGADA', 19),
(278, 'TIMOR TENGAH UTARA', 19),
(279, 'BELU', 19),
(280, 'LEMBATA', 19),
(281, 'SUMBA BARAT DAYA', 19),
(282, 'SUMBA BARAT', 19),
(283, 'SUMBA TENGAH', 19),
(284, 'SUMBA TIMUR', 19),
(285, 'ROTE NDAO', 19),
(286, 'MANGGARAI TIMUR', 19),
(287, 'MANGGARAI', 19),
(288, 'SABU RAIJUA', 19),
(289, 'MANGGARAI BARAT', 19),
(290, 'LANDAK', 20),
(291, 'KETAPANG', 20),
(292, 'SINTANG', 20),
(293, 'KUBU RAYA', 20),
(294, 'PONTIANAK', 20),
(295, 'KAYONG UTARA', 20),
(296, 'BENGKAYANG', 20),
(297, 'KAPUAS HULU', 20),
(298, 'SAMBAS', 20),
(299, 'SINGKAWANG', 20),
(300, 'SANGGAU', 20),
(301, 'MELAWI', 20),
(302, 'SEKADAU', 20),
(303, 'KOTAWARINGIN TIMUR', 21),
(304, 'SUKAMARA', 21),
(305, 'KOTAWARINGIN BARAT', 21),
(306, 'BARITO TIMUR', 21),
(307, 'KAPUAS', 21),
(308, 'PULANG PISAU', 21),
(309, 'LAMANDAU', 21),
(310, 'SERUYAN', 21),
(311, 'KATINGAN', 21),
(312, 'BARITO SELATAN', 21),
(313, 'MURUNG RAYA', 21),
(314, 'BARITO UTARA', 21),
(315, 'GUNUNG MAS', 21),
(316, 'PALANGKA RAYA', 21),
(317, 'TAPIN', 22),
(318, 'BANJAR', 22),
(319, 'HULU SUNGAI TENGAH', 22),
(320, 'TABALONG', 22),
(321, 'HULU SUNGAI UTARA', 22),
(322, 'BALANGAN', 22),
(323, 'TANAH BUMBU', 22),
(324, 'BANJARMASIN', 22),
(325, 'KOTABARU', 22),
(326, 'TANAH LAUT', 22),
(327, 'HULU SUNGAI SELATAN', 22),
(328, 'BARITO KUALA', 22),
(329, 'BANJARBARU', 22),
(330, 'KUTAI BARAT', 23),
(331, 'SAMARINDA', 23),
(332, 'PASER', 23),
(333, 'KUTAI KARTANEGARA', 23),
(334, 'BERAU', 23),
(335, 'PENAJAM PASER UTARA', 23),
(336, 'BONTANG', 23),
(337, 'KUTAI TIMUR', 23),
(338, 'BALIKPAPAN', 23),
(339, 'MALINAU', 24),
(340, 'NUNUKAN', 24),
(341, 'BULUNGAN (BULONGAN)', 24),
(342, 'TANA TIDUNG', 24),
(343, 'TARAKAN', 24),
(344, 'BOLAANG MONGONDOW (BOLMONG)', 25),
(345, 'BOLAANG MONGONDOW SELATAN', 25),
(346, 'MINAHASA SELATAN', 25),
(347, 'BITUNG', 25),
(348, 'MINAHASA', 25),
(349, 'KEPULAUAN SANGIHE', 25),
(350, 'MINAHASA UTARA', 25),
(351, 'KEPULAUAN TALAUD', 25),
(352, 'KEPULAUAN SIAU TAGULANDANG BIARO (SITARO)', 25),
(353, 'MANADO', 25),
(354, 'BOLAANG MONGONDOW UTARA', 25),
(355, 'BOLAANG MONGONDOW TIMUR', 25),
(356, 'MINAHASA TENGGARA', 25),
(357, 'KOTAMOBAGU', 25),
(358, 'TOMOHON', 25),
(359, 'BANGGAI KEPULAUAN', 26),
(360, 'TOLI-TOLI', 26),
(361, 'PARIGI MOUTONG', 26),
(362, 'BUOL', 26),
(363, 'DONGGALA', 26),
(364, 'POSO', 26),
(365, 'MOROWALI', 26),
(366, 'TOJO UNA-UNA', 26),
(367, 'BANGGAI', 26),
(368, 'SIGI', 26),
(369, 'PALU', 26),
(370, 'MAROS', 27),
(371, 'WAJO', 27),
(372, 'BONE', 27),
(373, 'SOPPENG', 27),
(374, 'SIDENRENG RAPPANG / RAPANG', 27),
(375, 'TAKALAR', 27),
(376, 'BARRU', 27),
(377, 'LUWU TIMUR', 27),
(378, 'SINJAI', 27),
(379, 'PANGKAJENE KEPULAUAN', 27),
(380, 'PINRANG', 27),
(381, 'JENEPONTO', 27),
(382, 'PALOPO', 27),
(383, 'TORAJA UTARA', 27),
(384, 'LUWU', 27),
(385, 'BULUKUMBA', 27),
(386, 'MAKASSAR', 27),
(387, 'SELAYAR (KEPULAUAN SELAYAR)', 27),
(388, 'TANA TORAJA', 27),
(389, 'LUWU UTARA', 27),
(390, 'BANTAENG', 27),
(391, 'GOWA', 27),
(392, 'ENREKANG', 27),
(393, 'PAREPARE', 27),
(394, 'KOLAKA', 28),
(395, 'MUNA', 28),
(396, 'KONAWE SELATAN', 28),
(397, 'KENDARI', 28),
(398, 'KONAWE', 28),
(399, 'KONAWE UTARA', 28),
(400, 'KOLAKA UTARA', 28),
(401, 'BUTON', 28),
(402, 'BOMBANA', 28),
(403, 'WAKATOBI', 28),
(404, 'BAU-BAU', 28),
(405, 'BUTON UTARA', 28),
(406, 'GORONTALO UTARA', 29),
(407, 'BONE BOLANGO', 29),
(408, 'GORONTALO', 29),
(409, 'BOALEMO', 29),
(410, 'POHUWATO', 29),
(411, 'MAJENE', 30),
(412, 'MAMUJU', 30),
(413, 'MAMUJU UTARA', 30),
(414, 'POLEWALI MANDAR', 30),
(415, 'MAMASA', 30),
(416, 'MALUKU TENGGARA BARAT', 31),
(417, 'MALUKU TENGGARA', 31),
(418, 'SERAM BAGIAN BARAT', 31),
(419, 'MALUKU TENGAH', 31),
(420, 'SERAM BAGIAN TIMUR', 31),
(421, 'MALUKU BARAT DAYA', 31),
(422, 'AMBON', 31),
(423, 'BURU', 31),
(424, 'BURU SELATAN', 31),
(425, 'KEPULAUAN ARU', 31),
(426, 'TUAL', 31),
(427, 'HALMAHERA BARAT', 32),
(428, 'TIDORE KEPULAUAN', 32),
(429, 'TERNATE', 32),
(430, 'PULAU MOROTAI', 32),
(431, 'KEPULAUAN SULA', 32),
(432, 'HALMAHERA SELATAN', 32),
(433, 'HALMAHERA TENGAH', 32),
(434, 'HALMAHERA TIMUR', 32),
(435, 'HALMAHERA UTARA', 32),
(436, 'YALIMO', 33),
(437, 'DOGIYAI', 33),
(438, 'ASMAT', 33),
(439, 'JAYAPURA', 33),
(440, 'PANIAI', 33),
(441, 'MAPPI', 33),
(442, 'TOLIKARA', 33),
(443, 'PUNCAK JAYA', 33),
(444, 'PEGUNUNGAN BINTANG', 33),
(445, 'JAYAWIJAYA', 33),
(446, 'LANNY JAYA', 33),
(447, 'NDUGA', 33),
(448, 'BIAK NUMFOR', 33),
(449, 'KEPULAUAN YAPEN (YAPEN WAROPEN)', 33),
(450, 'PUNCAK', 33),
(451, 'INTAN JAYA', 33),
(452, 'WAROPEN', 33),
(453, 'NABIRE', 33),
(454, 'MIMIKA', 33),
(455, 'BOVEN DIGOEL', 33),
(456, 'YAHUKIMO', 33),
(457, 'SARMI', 33),
(458, 'MERAUKE', 33),
(459, 'DEIYAI (DELIYAI)', 33),
(460, 'KEEROM', 33),
(461, 'SUPIORI', 33),
(462, 'MAMBERAMO RAYA', 33),
(463, 'MAMBERAMO TENGAH', 33),
(464, 'RAJA AMPAT', 34),
(465, 'MANOKWARI SELATAN', 34),
(466, 'MANOKWARI', 34),
(467, 'KAIMANA', 34),
(468, 'MAYBRAT', 34),
(469, 'SORONG SELATAN', 34),
(470, 'FAKFAK', 34),
(471, 'PEGUNUNGAN ARFAK', 34),
(472, 'TAMBRAUW', 34),
(473, 'SORONG', 34),
(474, 'TELUK WONDAMA', 34),
(475, 'TELUK BINTUNI', 34);

-- --------------------------------------------------------

--
-- Table structure for table `cuti`
--

CREATE TABLE `cuti` (
  `id_cuti` int(11) NOT NULL,
  `no_cuti` varchar(20) NOT NULL,
  `id_nama` int(11) NOT NULL,
  `id_divisi` int(11) NOT NULL,
  `keperluan` text NOT NULL,
  `lama` int(200) NOT NULL,
  `ket_lama` varchar(20) NOT NULL,
  `mulai` date NOT NULL,
  `sampai` date NOT NULL
) ENGINE=InnoDB DEFAULT CHARSET=utf8mb4;

-- --------------------------------------------------------

--
-- Table structure for table `data_k`
--

CREATE TABLE `data_k` (
  `id` int(11) NOT NULL,
  `id_nama` varchar(100) NOT NULL,
  `tgl_masuk` date NOT NULL,
  `tempat` text NOT NULL,
  `tgl_lahir` date NOT NULL,
  `jk` text NOT NULL,
  `alamat` varchar(100) NOT NULL,
  `nohp` int(20) NOT NULL,
  `email` varchar(20) NOT NULL
) ENGINE=InnoDB DEFAULT CHARSET=utf8mb4;

--
-- Dumping data for table `data_k`
--

INSERT INTO `data_k` (`id`, `id_nama`, `tgl_masuk`, `tempat`, `tgl_lahir`, `jk`, `alamat`, `nohp`, `email`) VALUES
(1, 'Ihmatull Muthmainnah', '2017-07-10', 'Semarang', '1998-07-23', 'P', 'Jl. Sri Rejeki Utara IV no 15 RT 003 RW 001, Kel Kalibanteng Kidul, Kec Semarang Barat', 896688126, 'e.ihmatull@gmail.com'),
(2, 'Samuel Vittorio Rivaldo', '2017-12-02', 'Jakarta', '1999-09-10', 'L', 'Jl. Udowo Barat I no 29, Kel Bulu Lor, Kec Semarang Utara', 82242193, 'samuelvittorior@hotm'),
(3, 'agus', '2020-06-17', 'Semarang', '1993-10-07', 'L', ' adafa', 8722689, 'vina@gmail.com'),
(5, 'Nafa', '2021-01-04', 'Demak', '2007-01-29', 'P', 'ktryrytfk', 8722689, 'ema@gmail.com'),
(6, 'Dita mawar', '2016-02-15', 'Semarang', '1998-07-08', 'P', 'jl pedurungan', 8765422, 'dita@gmail.com');

-- --------------------------------------------------------

--
-- Table structure for table `data_karyawan`
--

CREATE TABLE `data_karyawan` (
  `id` int(11) NOT NULL,
  `user_id` int(5) NOT NULL,
  `tgl_masuk` varchar(50) NOT NULL,
  `tgl_lahir` varchar(50) NOT NULL,
  `tempat_lahir` varchar(50) NOT NULL,
  `jenis_kelamin` char(1) NOT NULL,
  `alamat` text NOT NULL,
  `nohp` varchar(20) NOT NULL,
  `email` varchar(50) NOT NULL
) ENGINE=InnoDB DEFAULT CHARSET=utf8mb4;

--
-- Dumping data for table `data_karyawan`
--

INSERT INTO `data_karyawan` (`id`, `user_id`, `tgl_masuk`, `tgl_lahir`, `tempat_lahir`, `jenis_kelamin`, `alamat`, `nohp`, `email`) VALUES
(13, 31, '2019-03-05', '1998-12-05', 'SEMARANG', 'L', 'KARANG JANGKANG, RT/RW -004/004, Kel/Desa NGEMPLAKSIMONGAN, Kecamatan SEMARANG BARAT', '0895627676500', 'bagus@gmail.com');

-- --------------------------------------------------------

--
-- Table structure for table `divisi`
--

CREATE TABLE `divisi` (
  `id_divisi` int(11) NOT NULL,
  `no_divisi` varchar(20) NOT NULL,
  `divisi_d` varchar(20) NOT NULL
) ENGINE=InnoDB DEFAULT CHARSET=utf8mb4;

--
-- Dumping data for table `divisi`
--

INSERT INTO `divisi` (`id_divisi`, `no_divisi`, `divisi_d`) VALUES
(7, 'D001', 'AR'),
(8, 'D002', 'LOG'),
(11, 'D003', 'MANAGER'),
(12, 'D004', 'HRD');

-- --------------------------------------------------------

--
-- Table structure for table `level`
--

CREATE TABLE `level` (
  `id` int(11) NOT NULL,
  `level` varchar(50) NOT NULL
) ENGINE=InnoDB DEFAULT CHARSET=utf8mb4;

--
-- Dumping data for table `level`
--

INSERT INTO `level` (`id`, `level`) VALUES
(1, 'Admin'),
(2, 'Staff');

-- --------------------------------------------------------

--
-- Table structure for table `notif_staff`
--

CREATE TABLE `notif_staff` (
  `id` int(11) NOT NULL,
  `user_id` int(5) NOT NULL,
  `cuti_id` int(5) NOT NULL,
  `status` int(1) NOT NULL,
  `approve_at` varchar(20) NOT NULL
) ENGINE=InnoDB DEFAULT CHARSET=utf8mb4;

--
-- Dumping data for table `notif_staff`
--

INSERT INTO `notif_staff` (`id`, `user_id`, `cuti_id`, `status`, `approve_at`) VALUES
(8, 27, 32, 2, '07-02-2022'),
(9, 27, 32, 1, '07-02-2022'),
(10, 29, 33, 1, '07-02-2022'),
(11, 31, 36, 0, '08-02-2022'),
(12, 30, 35, 1, '08-02-2022'),
(13, 31, 37, 1, '08-02-2022');

-- --------------------------------------------------------

--
-- Table structure for table `pengajuan_cuti`
--

CREATE TABLE `pengajuan_cuti` (
  `id` int(11) NOT NULL,
  `user_id` int(5) NOT NULL,
  `divisi_id` int(5) NOT NULL,
  `keperluan` varchar(255) NOT NULL,
  `lama` varchar(50) NOT NULL,
  `tgl_mulai` varchar(50) NOT NULL,
  `tgl_sampai` varchar(50) NOT NULL,
  `keterangan` text NOT NULL,
  `status` int(1) DEFAULT NULL,
  `created_at` varchar(20) NOT NULL
) ENGINE=InnoDB DEFAULT CHARSET=utf8mb4;

--
-- Dumping data for table `pengajuan_cuti`
--

INSERT INTO `pengajuan_cuti` (`id`, `user_id`, `divisi_id`, `keperluan`, `lama`, `tgl_mulai`, `tgl_sampai`, `keterangan`, `status`, `created_at`) VALUES
(35, 30, 7, 'Cuti Hamil', '3 Bulan', '02/11/2022', '5/11/2022', 'Hamil bos', 1, '08-02-2022'),
(36, 31, 8, 'Cuti Sakit', '2 Hari', '02/09/2022', '02/11/2022', 'Sakit bos', 0, '08-02-2022'),
(37, 31, 8, 'Cuti Hamil', '3 Bulan', '02/09/2022', '5/9/2022', 'Bagus hamil bos', 1, '08-02-2022');

-- --------------------------------------------------------

--
-- Table structure for table `user`
--

CREATE TABLE `user` (
  `id_user` int(11) NOT NULL,
  `no_user` varchar(20) NOT NULL,
  `username` varchar(50) NOT NULL,
  `password` varchar(50) NOT NULL,
  `id_nama` int(11) NOT NULL,
  `id_divisi` int(11) NOT NULL,
  `level` int(20) NOT NULL COMMENT '1 : admin, 2 : staff'
) ENGINE=InnoDB DEFAULT CHARSET=utf8mb4;

--
-- Dumping data for table `user`
--

INSERT INTO `user` (`id_user`, `no_user`, `username`, `password`, `id_nama`, `id_divisi`, `level`) VALUES
(13, 'U001', 'admin', 'd033e22ae348aeb5660fc2140aec35850c4da997', 1, 7, 1),
(14, 'U002', 'rio', 'da39a3ee5e6b4b0d3255bfef95601890afd80709', 2, 8, 2);

-- --------------------------------------------------------

--
-- Table structure for table `users`
--

CREATE TABLE `users` (
  `id` int(11) NOT NULL,
  `nama_pegawai` varchar(150) NOT NULL,
  `gambar` varchar(50) NOT NULL,
  `username` varchar(150) NOT NULL,
  `password` varchar(150) NOT NULL,
  `divisi_id` int(1) NOT NULL,
  `level_id` int(1) NOT NULL
) ENGINE=InnoDB DEFAULT CHARSET=utf8mb4;

--
-- Dumping data for table `users`
--

INSERT INTO `users` (`id`, `nama_pegawai`, `gambar`, `username`, `password`, `divisi_id`, `level_id`) VALUES
(30, 'Ihmatull Muthmainnah', 'avatar-52.png', 'admin3', '$2y$10$wH280XD8sg6N15DF8NXQ/eVZla25lziY/bpOvbO77PaBDuVAs5F3e', 7, 2),
(31, 'Bagus', 'baju71.png', 'admin4', '$2y$10$NA5vMz5JAiEDjJPN.Z4ppOe.8qk017PqDkni2is4.x7tivMtmEE16', 8, 2),
(32, 'Ema ', 'default.png', 'admin1', '$2y$10$./0Tmi175yXeHY4oudSf7u87HSndeMtm2Jemm4v5CwKDJGMeULa22', 11, 1),
(33, 'Ganang', 'default.png', 'admin2', '$2y$10$41ubnpfS8Xk8un9WuMJ22unSB2TZmo0OPIHkCg.sqwFWNO5knch96', 12, 1);

--
-- Indexes for dumped tables
--

--
-- Indexes for table `cities`
--
ALTER TABLE `cities`
  ADD PRIMARY KEY (`city_id`) USING BTREE;

--
-- Indexes for table `cuti`
--
ALTER TABLE `cuti`
  ADD PRIMARY KEY (`id_cuti`),
  ADD UNIQUE KEY `no_cuti` (`no_cuti`),
  ADD KEY `id_divisi` (`id_divisi`),
  ADD KEY `cuti_ibfk_2` (`id_nama`);

--
-- Indexes for table `data_k`
--
ALTER TABLE `data_k`
  ADD PRIMARY KEY (`id`);

--
-- Indexes for table `data_karyawan`
--
ALTER TABLE `data_karyawan`
  ADD PRIMARY KEY (`id`);

--
-- Indexes for table `divisi`
--
ALTER TABLE `divisi`
  ADD PRIMARY KEY (`id_divisi`),
  ADD UNIQUE KEY `no_divisi` (`no_divisi`);

--
-- Indexes for table `level`
--
ALTER TABLE `level`
  ADD PRIMARY KEY (`id`);

--
-- Indexes for table `notif_staff`
--
ALTER TABLE `notif_staff`
  ADD PRIMARY KEY (`id`);

--
-- Indexes for table `pengajuan_cuti`
--
ALTER TABLE `pengajuan_cuti`
  ADD PRIMARY KEY (`id`);

--
-- Indexes for table `user`
--
ALTER TABLE `user`
  ADD PRIMARY KEY (`id_user`),
  ADD UNIQUE KEY `no_user` (`no_user`),
  ADD KEY `id_nama` (`id_nama`),
  ADD KEY `id_divisi` (`id_divisi`);

--
-- Indexes for table `users`
--
ALTER TABLE `users`
  ADD PRIMARY KEY (`id`);

--
-- AUTO_INCREMENT for dumped tables
--

--
-- AUTO_INCREMENT for table `cities`
--
ALTER TABLE `cities`
  MODIFY `city_id` int(11) NOT NULL AUTO_INCREMENT, AUTO_INCREMENT=476;

--
-- AUTO_INCREMENT for table `cuti`
--
ALTER TABLE `cuti`
  MODIFY `id_cuti` int(11) NOT NULL AUTO_INCREMENT, AUTO_INCREMENT=4;

--
-- AUTO_INCREMENT for table `data_k`
--
ALTER TABLE `data_k`
  MODIFY `id` int(11) NOT NULL AUTO_INCREMENT, AUTO_INCREMENT=7;

--
-- AUTO_INCREMENT for table `data_karyawan`
--
ALTER TABLE `data_karyawan`
  MODIFY `id` int(11) NOT NULL AUTO_INCREMENT, AUTO_INCREMENT=14;

--
-- AUTO_INCREMENT for table `divisi`
--
ALTER TABLE `divisi`
  MODIFY `id_divisi` int(11) NOT NULL AUTO_INCREMENT, AUTO_INCREMENT=13;

--
-- AUTO_INCREMENT for table `level`
--
ALTER TABLE `level`
  MODIFY `id` int(11) NOT NULL AUTO_INCREMENT, AUTO_INCREMENT=3;

--
-- AUTO_INCREMENT for table `notif_staff`
--
ALTER TABLE `notif_staff`
  MODIFY `id` int(11) NOT NULL AUTO_INCREMENT, AUTO_INCREMENT=14;

--
-- AUTO_INCREMENT for table `pengajuan_cuti`
--
ALTER TABLE `pengajuan_cuti`
  MODIFY `id` int(11) NOT NULL AUTO_INCREMENT, AUTO_INCREMENT=38;

--
-- AUTO_INCREMENT for table `user`
--
ALTER TABLE `user`
  MODIFY `id_user` int(11) NOT NULL AUTO_INCREMENT, AUTO_INCREMENT=15;

--
-- AUTO_INCREMENT for table `users`
--
ALTER TABLE `users`
  MODIFY `id` int(11) NOT NULL AUTO_INCREMENT, AUTO_INCREMENT=34;

--
-- Constraints for dumped tables
--

--
-- Constraints for table `cuti`
--
ALTER TABLE `cuti`
  ADD CONSTRAINT `cuti_ibfk_1` FOREIGN KEY (`id_divisi`) REFERENCES `divisi` (`id_divisi`),
  ADD CONSTRAINT `cuti_ibfk_2` FOREIGN KEY (`id_nama`) REFERENCES `data_k` (`id`);

--
-- Constraints for table `user`
--
ALTER TABLE `user`
  ADD CONSTRAINT `user_ibfk_1` FOREIGN KEY (`id_nama`) REFERENCES `data_k` (`id`),
  ADD CONSTRAINT `user_ibfk_2` FOREIGN KEY (`id_divisi`) REFERENCES `divisi` (`id_divisi`);
COMMIT;

/*!40101 SET CHARACTER_SET_CLIENT=@OLD_CHARACTER_SET_CLIENT */;
/*!40101 SET CHARACTER_SET_RESULTS=@OLD_CHARACTER_SET_RESULTS */;
/*!40101 SET COLLATION_CONNECTION=@OLD_COLLATION_CONNECTION */;
